{
  "optimal_threshold": 0.1,
  "metrics": {
    "threshold": 0.1,
    "precision": 0.5031446540880503,
    "recall": 0.963855421686747,
    "f1_score": 0.6611570247933886,
    "true_positives": 80,
    "false_positives": 79,
    "false_negatives": 3,
    "true_negatives": 1,
    "detection_rate": 0.963855421686747,
    "false_positive_rate": 0.9875,
    "combined_score": 0.687428961127529
  }
}