{
  "optimal_threshold": 0.05,
  "metrics": {
    "threshold": 0.05,
    "precision": 0.4382716049382716,
    "recall": 0.9726027397260274,
    "f1_score": 0.6042553191489362,
    "true_positives": 71,
    "false_positives": 91,
    "false_negatives": 2,
    "true_negatives": 0,
    "detection_rate": 0.9726027397260274,
    "false_positive_rate": 1.0,
    "combined_score": 0.652004058853374
  }
}