{
  "logistic_regression": {
    "accuracy": 0.4954128440366973,
    "precision": 0.0,
    "recall": 0.0,
    "f1": 0.0,
    "roc_auc": 0.4978675645342312,
    "pr_auc": 0.4850409767334671,
    "confusion_matrix": [
      [
        162,
        0
      ],
      [
        165,
        0
      ]
    ],
    "optimal_threshold": 0.01,
    "optimal_precision": 0.2727272727272727,
    "optimal_recall": 1.0,
    "optimal_f1": 0.42857142857142855,
    "optimal_fpr": 1.0,
    "cv_scores": {
      "accuracy": [
        0.4954128440366973,
        0.5030674846625767,
        0.49693251533742333,
        0.5,
        0.4938650306748466
      ],
      "precision": [
        0.0,
        0.75,
        0.5,
        0.6,
        0.5
      ],
      "recall": [
        0.0,
        0.018292682926829267,
        0.012195121951219513,
        0.018292682926829267,
        0.006060606060606061
      ],
      "f1": [
        0.0,
        0.03571428571428571,
        0.023809523809523808,
        0.03550295857988166,
        0.011976047904191617
      ]
    }
  },
  "mlp": {
    "accuracy": 0.5321100917431193,
    "precision": 0.5297029702970297,
    "recall": 0.6484848484848484,
    "f1": 0.5831062670299727,
    "roc_auc": 0.5487841376730265,
    "pr_auc": 0.5642690810621765,
    "confusion_matrix": [
      [
        67,
        95
      ],
      [
        58,
        107
      ]
    ],
    "optimal_threshold": 0.01,
    "optimal_precision": 0.2727272727272727,
    "optimal_recall": 1.0,
    "optimal_f1": 0.42857142857142855,
    "optimal_fpr": 1.0,
    "cv_scores": {
      "accuracy": [
        0.4923547400611621,
        0.48773006134969327,
        0.5030674846625767,
        0.5061349693251533,
        0.5122699386503068
      ],
      "precision": [
        0.4444444444444444,
        0.49411764705882355,
        0.5030674846625767,
        0.5054545454545455,
        0.5095541401273885
      ],
      "recall": [
        0.024242424242424242,
        0.7682926829268293,
        1.0,
        0.8475609756097561,
        0.9696969696969697
      ],
      "f1": [
        0.04597701149425287,
        0.6014319809069213,
        0.6693877551020408,
        0.6332574031890661,
        0.6680584551148225
      ]
    }
  }
}