{
  "type": "mlp",
  "metrics": {
    "accuracy": 0.5321100917431193,
    "precision": 0.5297029702970297,
    "recall": 0.6484848484848484,
    "f1": 0.5831062670299727
  },
  "confusion_matrix": [
    [
      67,
      95
    ],
    [
      58,
      107
    ]
  ],
  "classes": [
    "correct",
    "hallucination"
  ],
  "feature_names": [
    "position",
    "similarity"
  ],
  "created_at": "2025-03-31T20:13:20.118643"
}