{
  "threshold": 0.119372,
  "true_positives": 1,
  "true_negatives": 90,
  "false_positives": 1,
  "false_negatives": 72,
  "precision": 0.5,
  "recall": 0.0136986301369863,
  "f1": 0.02666666666666666,
  "accuracy": 0.5548780487804879,
  "potential_accuracy": 0.5548780487804879,
  "realistic_accuracy": 0.5573170731707318,
  "improvement_percentage_points": 0.24390243902439046
}