{
  "threshold": 0.056266,
  "true_positives": 71,
  "true_negatives": 6,
  "false_positives": 85,
  "false_negatives": 2,
  "precision": 0.4551282051282051,
  "recall": 0.9726027397260274,
  "f1": 0.6200873362445415,
  "accuracy": 0.4695121951219512
}