{
  "zero_fp_threshold": 0.085227,
  "caught_hallucinations": 1,
  "total_hallucinations": 83,
  "false_positives": 0,
  "correct_responses": 80,
  "total_responses": 163,
  "baseline_accuracy": 0.49079754601226994,
  "improved_accuracy": 0.49693251533742333,
  "net_improvement": 0.006134969325153394,
  "recall": 0.012048192771084338
}